jl,w1,w2,w3,w4,w5,w6,w7,w8,w9,w10,w11,w12,w13,w14,w15,w16,w17,w18,w19,w20,w21,w22,w23,w24,w25,w26,w27,w28,w29,w30,w31,w32,w33,w34,w35,w36,w37,w38,w39,w40,w41
1.1,12.03,12.03,14.26,12.03,12.03,12.03,12.03,14.26,14.26,16.13,14.26,14.26,14.26,14.26,14.26,12.03,12.03,12.03,12.03,12.03,12.03,12.03,14.26,12.03,12.03,12.03,12.03,14.26,14.26,14.26,16.13,14.26,14.26,16.13,14.26,12.03,14.26,12.03,12.03,14.26,12.03
1.2,12.03,12.03,14.26,12.03,12.03,12.03,12.03,14.26,14.26,16.13,14.26,14.26,14.26,14.26,14.26,12.03,12.03,12.03,12.03,12.03,12.03,12.03,14.26,12.03,12.03,12.03,12.03,14.26,14.26,14.26,16.13,14.26,14.26,16.13,14.26,12.03,14.26,12.03,12.03,14.26,12.03
2.1,21.39,21.39,25.35,21.39,21.39,21.39,21.39,25.35,25.35,28.67,25.35,25.35,25.35,25.35,25.35,21.39,21.39,21.39,21.39,21.39,21.39,21.39,25.35,21.39,21.39,21.39,21.39,25.35,25.35,25.35,28.67,25.35,25.35,28.67,25.35,21.39,25.35,21.39,21.39,25.35,21.39
2.2,21.39,21.39,25.35,21.39,21.39,21.39,21.39,25.35,25.35,28.67,25.35,25.35,25.35,25.35,25.35,21.39,21.39,21.39,21.39,21.39,21.39,21.39,25.35,21.39,21.39,21.39,21.39,25.35,25.35,25.35,28.67,25.35,25.35,28.67,25.35,21.39,25.35,21.39,21.39,25.35,21.39
3.1,10.36,10.36,12.28,10.36,10.36,10.36,10.36,12.28,12.28,13.89,12.28,12.28,12.28,12.28,12.28,10.36,10.36,10.36,10.36,10.36,10.36,10.36,12.28,10.36,10.36,10.36,10.36,12.28,12.28,12.28,13.89,12.28,12.28,13.89,12.28,10.36,12.28,10.36,10.36,12.28,10.36
3.2,10.36,10.36,12.28,10.36,10.36,10.36,10.36,12.28,12.28,13.89,12.28,12.28,12.28,12.28,12.28,10.36,10.36,10.36,10.36,10.36,10.36,10.36,12.28,10.36,10.36,10.36,10.36,12.28,12.28,12.28,13.89,12.28,12.28,13.89,12.28,10.36,12.28,10.36,10.36,12.28,10.36
4.1,26.06,26.06,30.89,26.06,26.06,26.06,26.06,30.89,30.89,34.94,30.89,30.89,30.89,30.89,30.89,26.06,26.06,26.06,26.06,26.06,26.06,26.06,30.89,26.06,26.06,26.06,26.06,30.89,30.89,30.89,34.94,30.89,30.89,34.94,30.89,26.06,30.89,26.06,26.06,30.89,26.06
4.2,26.06,26.06,30.89,26.06,26.06,26.06,26.06,30.89,30.89,34.94,30.89,30.89,30.89,30.89,30.89,26.06,26.06,26.06,26.06,26.06,26.06,26.06,30.89,26.06,26.06,26.06,26.06,30.89,30.89,30.89,34.94,30.89,30.89,34.94,30.89,26.06,30.89,26.06,26.06,30.89,26.06
5.1,2.00,2.00,2.38,2.00,2.00,2.00,2.00,2.38,2.38,2.69,2.38,2.38,2.38,2.38,2.38,2.00,2.00,2.00,2.00,2.00,2.00,2.00,2.38,2.00,2.00,2.00,2.00,2.38,2.38,2.38,2.69,2.38,2.38,2.69,2.38,2.00,2.38,2.00,2.00,2.38,2.00
5.2,2.00,2.00,2.38,2.00,2.00,2.00,2.00,2.38,2.38,2.69,2.38,2.38,2.38,2.38,2.38,2.00,2.00,2.00,2.00,2.00,2.00,2.00,2.38,2.00,2.00,2.00,2.00,2.38,2.38,2.38,2.69,2.38,2.38,2.69,2.38,2.00,2.38,2.00,2.00,2.38,2.00
6.1,45.19,45.19,53.56,45.19,45.19,45.19,45.19,53.56,53.56,60.59,53.56,53.56,53.56,53.56,53.56,45.19,45.19,45.19,45.19,45.19,45.19,45.19,53.56,45.19,45.19,45.19,45.19,53.56,53.56,53.56,60.59,53.56,53.56,60.59,53.56,45.19,53.56,45.19,45.19,53.56,45.19
6.2,45.19,45.19,53.56,45.19,45.19,45.19,45.19,53.56,53.56,60.59,53.56,53.56,53.56,53.56,53.56,45.19,45.19,45.19,45.19,45.19,45.19,45.19,53.56,45.19,45.19,45.19,45.19,53.56,53.56,53.56,60.59,53.56,53.56,60.59,53.56,45.19,53.56,45.19,45.19,53.56,45.19
7.1,5.57,5.57,6.60,5.57,5.57,5.57,5.57,6.60,6.60,7.47,6.60,6.60,6.60,6.60,6.60,5.57,5.57,5.57,5.57,5.57,5.57,5.57,6.60,5.57,5.57,5.57,5.57,6.60,6.60,6.60,7.47,6.60,6.60,7.47,6.60,5.57,6.60,5.57,5.57,6.60,5.57
7.2,5.57,5.57,6.60,5.57,5.57,5.57,5.57,6.60,6.60,7.47,6.60,6.60,6.60,6.60,6.60,5.57,5.57,5.57,5.57,5.57,5.57,5.57,6.60,5.57,5.57,5.57,5.57,6.60,6.60,6.60,7.47,6.60,6.60,7.47,6.60,5.57,6.60,5.57,5.57,6.60,5.57
8.1,26.78,26.78,31.74,26.78,26.78,26.78,26.78,31.74,31.74,35.90,31.74,31.74,31.74,31.74,31.74,26.78,26.78,26.78,26.78,26.78,26.78,26.78,31.74,26.78,26.78,26.78,26.78,31.74,31.74,31.74,35.90,31.74,31.74,35.90,31.74,26.78,31.74,26.78,26.78,31.74,26.78
8.2,26.78,26.78,31.74,26.78,26.78,26.78,26.78,31.74,31.74,35.90,31.74,31.74,31.74,31.74,31.74,26.78,26.78,26.78,26.78,26.78,26.78,26.78,31.74,26.78,26.78,26.78,26.78,31.74,31.74,31.74,35.90,31.74,31.74,35.90,31.74,26.78,31.74,26.78,26.78,31.74,26.78
9.1,3.03,3.03,3.59,3.03,3.03,3.03,3.03,3.59,3.59,4.06,3.59,3.59,3.59,3.59,3.59,3.03,3.03,3.03,3.03,3.03,3.03,3.03,3.59,3.03,3.03,3.03,3.03,3.59,3.59,3.59,4.06,3.59,3.59,4.06,3.59,3.03,3.59,3.03,3.03,3.59,3.03
9.2,3.03,3.03,3.59,3.03,3.03,3.03,3.03,3.59,3.59,4.06,3.59,3.59,3.59,3.59,3.59,3.03,3.03,3.03,3.03,3.03,3.03,3.03,3.59,3.03,3.03,3.03,3.03,3.59,3.59,3.59,4.06,3.59,3.59,4.06,3.59,3.03,3.59,3.03,3.03,3.59,3.03
10.1,25.73,25.73,30.49,25.73,25.73,25.73,25.73,30.49,30.49,34.50,30.49,30.49,30.49,30.49,30.49,25.73,25.73,25.73,25.73,25.73,25.73,25.73,30.49,25.73,25.73,25.73,25.73,30.49,30.49,30.49,34.50,30.49,30.49,34.50,30.49,25.73,30.49,25.73,25.73,30.49,25.73
10.2,25.73,25.73,30.49,25.73,25.73,25.73,25.73,30.49,30.49,34.50,30.49,30.49,30.49,30.49,30.49,25.73,25.73,25.73,25.73,25.73,25.73,25.73,30.49,25.73,25.73,25.73,25.73,30.49,30.49,30.49,34.50,30.49,30.49,34.50,30.49,25.73,30.49,25.73,25.73,30.49,25.73
11.1,10.75,9.50,10.75,10.75,10.75,9.50,10.75,10.75,9.50,12.67,9.50,9.50,9.50,9.50,8.02,9.50,8.02,8.02,9.50,9.50,10.75,9.50,10.75,10.75,10.75,9.50,10.75,9.50,10.75,10.75,12.67,10.75,10.75,10.75,10.75,9.50,8.02,8.02,8.02,9.50,9.50
11.2,10.75,9.50,10.75,10.75,10.75,9.50,10.75,10.75,9.50,12.67,9.50,9.50,9.50,9.50,8.02,9.50,8.02,8.02,9.50,9.50,10.75,9.50,10.75,10.75,10.75,9.50,10.75,9.50,10.75,10.75,12.67,10.75,10.75,10.75,10.75,9.50,8.02,8.02,8.02,9.50,9.50
12.1,51.07,45.15,51.07,51.07,51.07,45.15,51.07,51.07,45.15,60.19,45.15,45.15,45.15,45.15,38.09,45.15,38.09,38.09,45.15,45.15,51.07,45.15,51.07,51.07,51.07,45.15,51.07,45.15,51.07,51.07,60.19,51.07,51.07,51.07,51.07,45.15,38.09,38.09,38.09,45.15,45.15
12.2,51.07,45.15,51.07,51.07,51.07,45.15,51.07,51.07,45.15,60.19,45.15,45.15,45.15,45.15,38.09,45.15,38.09,38.09,45.15,45.15,51.07,45.15,51.07,51.07,51.07,45.15,51.07,45.15,51.07,51.07,60.19,51.07,51.07,51.07,51.07,45.15,38.09,38.09,38.09,45.15,45.15
13.1,5.35,5.35,6.34,5.35,5.35,5.35,5.35,6.34,6.34,7.17,6.34,6.34,6.34,6.34,6.34,5.35,5.35,5.35,5.35,5.35,5.35,5.35,6.34,5.35,5.35,5.35,5.35,6.34,6.34,6.34,7.17,6.34,6.34,7.17,6.34,5.35,6.34,5.35,5.35,6.34,5.35
13.2,5.35,5.35,6.34,5.35,5.35,5.35,5.35,6.34,6.34,7.17,6.34,6.34,6.34,6.34,6.34,5.35,5.35,5.35,5.35,5.35,5.35,5.35,6.34,5.35,5.35,5.35,5.35,6.34,6.34,6.34,7.17,6.34,6.34,7.17,6.34,5.35,6.34,5.35,5.35,6.34,5.35
14.1,52.27,52.27,52.27,52.27,52.27,52.27,52.27,39.21,52.27,33.08,39.21,39.21,52.27,52.27,52.27,39.21,44.35,39.21,39.21,39.21,52.27,52.27,52.27,52.27,52.27,52.27,52.27,52.27,44.35,39.21,33.08,33.08,39.21,39.21,33.08,39.21,52.27,44.35,39.21,39.21,44.35
14.2,52.27,52.27,52.27,52.27,52.27,52.27,52.27,39.21,52.27,33.08,39.21,39.21,52.27,52.27,52.27,39.21,44.35,39.21,39.21,39.21,52.27,52.27,52.27,52.27,52.27,52.27,52.27,52.27,44.35,39.21,33.08,33.08,39.21,39.21,33.08,39.21,52.27,44.35,39.21,39.21,44.35
15.1,38.54,38.54,38.54,38.54,38.54,38.54,38.54,28.91,38.54,24.39,28.91,28.91,38.54,38.54,38.54,28.91,32.70,28.91,28.91,28.91,38.54,38.54,38.54,38.54,38.54,38.54,38.54,38.54,32.70,28.91,24.39,24.39,28.91,28.91,24.39,28.91,38.54,32.70,28.91,28.91,32.70
15.2,38.54,38.54,38.54,38.54,38.54,38.54,38.54,28.91,38.54,24.39,28.91,28.91,38.54,38.54,38.54,28.91,32.70,28.91,28.91,28.91,38.54,38.54,38.54,38.54,38.54,38.54,38.54,38.54,32.70,28.91,24.39,24.39,28.91,28.91,24.39,28.91,38.54,32.70,28.91,28.91,32.70
16.1,3.34,3.34,3.96,3.34,3.34,3.34,3.34,3.96,3.96,4.48,3.96,3.96,3.96,3.96,3.96,3.34,3.34,3.34,3.34,3.34,3.34,3.34,3.96,3.34,3.34,3.34,3.34,3.96,3.96,3.96,4.48,3.96,3.96,4.48,3.96,3.34,3.96,3.34,3.34,3.96,3.34
16.2,3.34,3.34,3.96,3.34,3.34,3.34,3.34,3.96,3.96,4.48,3.96,3.96,3.96,3.96,3.96,3.34,3.34,3.34,3.34,3.34,3.34,3.34,3.96,3.34,3.34,3.34,3.34,3.96,3.96,3.96,4.48,3.96,3.96,4.48,3.96,3.34,3.96,3.34,3.34,3.96,3.34
17.1,28.42,28.42,28.42,28.42,28.42,28.42,28.42,21.32,28.42,17.99,21.32,21.32,28.42,28.42,28.42,21.32,24.12,21.32,21.32,21.32,28.42,28.42,28.42,28.42,28.42,28.42,28.42,28.42,24.12,21.32,17.99,17.99,21.32,21.32,17.99,21.32,28.42,24.12,21.32,21.32,24.12
17.2,28.42,28.42,28.42,28.42,28.42,28.42,28.42,21.32,28.42,17.99,21.32,21.32,28.42,28.42,28.42,21.32,24.12,21.32,21.32,21.32,28.42,28.42,28.42,28.42,28.42,28.42,28.42,28.42,24.12,21.32,17.99,17.99,21.32,21.32,17.99,21.32,28.42,24.12,21.32,21.32,24.12
18.1,25.70,25.70,25.70,25.70,25.70,25.70,25.70,19.27,25.70,16.26,19.27,19.27,25.70,25.70,25.70,19.27,21.80,19.27,19.27,19.27,25.70,25.70,25.70,25.70,25.70,25.70,25.70,25.70,21.80,19.27,16.26,16.26,19.27,19.27,16.26,19.27,25.70,21.80,19.27,19.27,21.80
18.2,25.70,25.70,25.70,25.70,25.70,25.70,25.70,19.27,25.70,16.26,19.27,19.27,25.70,25.70,25.70,19.27,21.80,19.27,19.27,19.27,25.70,25.70,25.70,25.70,25.70,25.70,25.70,25.70,21.80,19.27,16.26,16.26,19.27,19.27,16.26,19.27,25.70,21.80,19.27,19.27,21.80
19.1,140.23,123.96,140.23,140.23,140.23,123.96,140.23,140.23,123.96,165.26,123.96,123.96,123.96,123.96,104.59,123.96,104.59,104.59,123.96,123.96,140.23,123.96,140.23,140.23,140.23,123.96,140.23,123.96,140.23,140.23,165.26,140.23,140.23,140.23,140.23,123.96,104.59,104.59,104.59,123.96,123.96
19.2,140.23,123.96,140.23,140.23,140.23,123.96,140.23,140.23,123.96,165.26,123.96,123.96,123.96,123.96,104.59,123.96,104.59,104.59,123.96,123.96,140.23,123.96,140.23,140.23,140.23,123.96,140.23,123.96,140.23,140.23,165.26,140.23,140.23,140.23,140.23,123.96,104.59,104.59,104.59,123.96,123.96
20.1,9.18,8.12,9.18,9.18,9.18,8.12,9.18,9.18,8.12,10.82,8.12,8.12,8.12,8.12,6.85,8.12,6.85,6.85,8.12,8.12,9.18,8.12,9.18,9.18,9.18,8.12,9.18,8.12,9.18,9.18,10.82,9.18,9.18,9.18,9.18,8.12,6.85,6.85,6.85,8.12,8.12
20.2,9.18,8.12,9.18,9.18,9.18,8.12,9.18,9.18,8.12,10.82,8.12,8.12,8.12,8.12,6.85,8.12,6.85,6.85,8.12,8.12,9.18,8.12,9.18,9.18,9.18,8.12,9.18,8.12,9.18,9.18,10.82,9.18,9.18,9.18,9.18,8.12,6.85,6.85,6.85,8.12,8.12
21.1,29.49,26.07,29.49,29.49,29.49,26.07,29.49,29.49,26.07,34.76,26.07,26.07,26.07,26.07,22.00,26.07,22.00,22.00,26.07,26.07,29.49,26.07,29.49,29.49,29.49,26.07,29.49,26.07,29.49,29.49,34.76,29.49,29.49,29.49,29.49,26.07,22.00,22.00,22.00,26.07,26.07
21.2,29.49,26.07,29.49,29.49,29.49,26.07,29.49,29.49,26.07,34.76,26.07,26.07,26.07,26.07,22.00,26.07,22.00,22.00,26.07,26.07,29.49,26.07,29.49,29.49,29.49,26.07,29.49,26.07,29.49,29.49,34.76,29.49,29.49,29.49,29.49,26.07,22.00,22.00,22.00,26.07,26.07
22.1,54.66,48.32,54.66,54.66,54.66,48.32,54.66,54.66,48.32,64.41,48.32,48.32,48.32,48.32,40.77,48.32,40.77,40.77,48.32,48.32,54.66,48.32,54.66,54.66,54.66,48.32,54.66,48.32,54.66,54.66,64.41,54.66,54.66,54.66,54.66,48.32,40.77,40.77,40.77,48.32,48.32
22.2,54.66,48.32,54.66,54.66,54.66,48.32,54.66,54.66,48.32,64.41,48.32,48.32,48.32,48.32,40.77,48.32,40.77,40.77,48.32,48.32,54.66,48.32,54.66,54.66,54.66,48.32,54.66,48.32,54.66,54.66,64.41,54.66,54.66,54.66,54.66,48.32,40.77,40.77,40.77,48.32,48.32
23.1,9.18,8.12,9.18,9.18,9.18,8.12,9.18,9.18,8.12,10.82,8.12,8.12,8.12,8.12,6.85,8.12,6.85,6.85,8.12,8.12,9.18,8.12,9.18,9.18,9.18,8.12,9.18,8.12,9.18,9.18,10.82,9.18,9.18,9.18,9.18,8.12,6.85,6.85,6.85,8.12,8.12
23.2,9.18,8.12,9.18,9.18,9.18,8.12,9.18,9.18,8.12,10.82,8.12,8.12,8.12,8.12,6.85,8.12,6.85,6.85,8.12,8.12,9.18,8.12,9.18,9.18,9.18,8.12,9.18,8.12,9.18,9.18,10.82,9.18,9.18,9.18,9.18,8.12,6.85,6.85,6.85,8.12,8.12
24.1,8.96,7.92,8.96,8.96,8.96,7.92,8.96,8.96,7.92,10.56,7.92,7.92,7.92,7.92,6.68,7.92,6.68,6.68,7.92,7.92,8.96,7.92,8.96,8.96,8.96,7.92,8.96,7.92,8.96,8.96,10.56,8.96,8.96,8.96,8.96,7.92,6.68,6.68,6.68,7.92,7.92
24.2,8.96,7.92,8.96,8.96,8.96,7.92,8.96,8.96,7.92,10.56,7.92,7.92,7.92,7.92,6.68,7.92,6.68,6.68,7.92,7.92,8.96,7.92,8.96,8.96,8.96,7.92,8.96,7.92,8.96,8.96,10.56,8.96,8.96,8.96,8.96,7.92,6.68,6.68,6.68,7.92,7.92
25.1,81.87,81.87,97.03,81.87,81.87,81.87,81.87,97.03,97.03,109.76,97.03,97.03,97.03,97.03,97.03,81.87,81.87,81.87,81.87,81.87,81.87,81.87,97.03,81.87,81.87,81.87,81.87,97.03,97.03,97.03,109.76,97.03,97.03,109.76,97.03,81.87,97.03,81.87,81.87,97.03,81.87
25.2,81.87,81.87,97.03,81.87,81.87,81.87,81.87,97.03,97.03,109.76,97.03,97.03,97.03,97.03,97.03,81.87,81.87,81.87,81.87,81.87,81.87,81.87,97.03,81.87,81.87,81.87,81.87,97.03,97.03,97.03,109.76,97.03,97.03,109.76,97.03,81.87,97.03,81.87,81.87,97.03,81.87
26.1,16.71,16.71,19.80,16.71,16.71,16.71,16.71,19.80,19.80,22.40,19.80,19.80,19.80,19.80,19.80,16.71,16.71,16.71,16.71,16.71,16.71,16.71,19.80,16.71,16.71,16.71,16.71,19.80,19.80,19.80,22.40,19.80,19.80,22.40,19.80,16.71,19.80,16.71,16.71,19.80,16.71
26.2,16.71,16.71,19.80,16.71,16.71,16.71,16.71,19.80,19.80,22.40,19.80,19.80,19.80,19.80,19.80,16.71,16.71,16.71,16.71,16.71,16.71,16.71,19.80,16.71,16.71,16.71,16.71,19.80,19.80,19.80,22.40,19.80,19.80,22.40,19.80,16.71,19.80,16.71,16.71,19.80,16.71
27.1,20.05,20.05,23.76,20.05,20.05,20.05,20.05,23.76,23.76,26.88,23.76,23.76,23.76,23.76,23.76,20.05,20.05,20.05,20.05,20.05,20.05,20.05,23.76,20.05,20.05,20.05,20.05,23.76,23.76,23.76,26.88,23.76,23.76,26.88,23.76,20.05,23.76,20.05,20.05,23.76,20.05
27.2,20.05,20.05,23.76,20.05,20.05,20.05,20.05,23.76,23.76,26.88,23.76,23.76,23.76,23.76,23.76,20.05,20.05,20.05,20.05,20.05,20.05,20.05,23.76,20.05,20.05,20.05,20.05,23.76,23.76,23.76,26.88,23.76,23.76,26.88,23.76,20.05,23.76,20.05,20.05,23.76,20.05
28.1,13.37,13.37,15.84,13.37,13.37,13.37,13.37,15.84,15.84,17.92,15.84,15.84,15.84,15.84,15.84,13.37,13.37,13.37,13.37,13.37,13.37,13.37,15.84,13.37,13.37,13.37,13.37,15.84,15.84,15.84,17.92,15.84,15.84,17.92,15.84,13.37,15.84,13.37,13.37,15.84,13.37
28.2,13.37,13.37,15.84,13.37,13.37,13.37,13.37,15.84,15.84,17.92,15.84,15.84,15.84,15.84,15.84,13.37,13.37,13.37,13.37,13.37,13.37,13.37,15.84,13.37,13.37,13.37,13.37,15.84,15.84,15.84,17.92,15.84,15.84,17.92,15.84,13.37,15.84,13.37,13.37,15.84,13.37
29.1,10.69,10.69,12.67,10.69,10.69,10.69,10.69,12.67,12.67,14.34,12.67,12.67,12.67,12.67,12.67,10.69,10.69,10.69,10.69,10.69,10.69,10.69,12.67,10.69,10.69,10.69,10.69,12.67,12.67,12.67,14.34,12.67,12.67,14.34,12.67,10.69,12.67,10.69,10.69,12.67,10.69
29.2,10.69,10.69,12.67,10.69,10.69,10.69,10.69,12.67,12.67,14.34,12.67,12.67,12.67,12.67,12.67,10.69,10.69,10.69,10.69,10.69,10.69,10.69,12.67,10.69,10.69,10.69,10.69,12.67,12.67,12.67,14.34,12.67,12.67,14.34,12.67,10.69,12.67,10.69,10.69,12.67,10.69
30.1,26.88,23.76,26.88,26.88,26.88,23.76,26.88,26.88,23.76,31.68,23.76,23.76,23.76,23.76,20.05,23.76,20.05,20.05,23.76,23.76,26.88,23.76,26.88,26.88,26.88,23.76,26.88,23.76,26.88,26.88,31.68,26.88,26.88,26.88,26.88,23.76,20.05,20.05,20.05,23.76,23.76
30.2,26.88,23.76,26.88,26.88,26.88,23.76,26.88,26.88,23.76,31.68,23.76,23.76,23.76,23.76,20.05,23.76,20.05,20.05,23.76,23.76,26.88,23.76,26.88,26.88,26.88,23.76,26.88,23.76,26.88,26.88,31.68,26.88,26.88,26.88,26.88,23.76,20.05,20.05,20.05,23.76,23.76
31.1,11.65,10.30,11.65,11.65,11.65,10.30,11.65,11.65,10.30,13.73,10.30,10.30,10.30,10.30,8.69,10.30,8.69,8.69,10.30,10.30,11.65,10.30,11.65,11.65,11.65,10.30,11.65,10.30,11.65,11.65,13.73,11.65,11.65,11.65,11.65,10.30,8.69,8.69,8.69,10.30,10.30
31.2,11.65,10.30,11.65,11.65,11.65,10.30,11.65,11.65,10.30,13.73,10.30,10.30,10.30,10.30,8.69,10.30,8.69,8.69,10.30,10.30,11.65,10.30,11.65,11.65,11.65,10.30,11.65,10.30,11.65,11.65,13.73,11.65,11.65,11.65,11.65,10.30,8.69,8.69,8.69,10.30,10.30
32.1,4.48,3.96,4.48,4.48,4.48,3.96,4.48,4.48,3.96,5.28,3.96,3.96,3.96,3.96,3.34,3.96,3.34,3.34,3.96,3.96,4.48,3.96,4.48,4.48,4.48,3.96,4.48,3.96,4.48,4.48,5.28,4.48,4.48,4.48,4.48,3.96,3.34,3.34,3.34,3.96,3.96
32.2,4.48,3.96,4.48,4.48,4.48,3.96,4.48,4.48,3.96,5.28,3.96,3.96,3.96,3.96,3.34,3.96,3.34,3.34,3.96,3.96,4.48,3.96,4.48,4.48,4.48,3.96,4.48,3.96,4.48,4.48,5.28,4.48,4.48,4.48,4.48,3.96,3.34,3.34,3.34,3.96,3.96
33.1,13.73,13.73,13.73,13.73,13.73,13.73,13.73,10.30,13.73,8.69,10.30,10.30,13.73,13.73,13.73,10.30,11.65,10.30,10.30,10.30,13.73,13.73,13.73,13.73,13.73,13.73,13.73,13.73,11.65,10.30,8.69,8.69,10.30,10.30,8.69,10.30,13.73,11.65,10.30,10.30,11.65
33.2,13.73,13.73,13.73,13.73,13.73,13.73,13.73,10.30,13.73,8.69,10.30,10.30,13.73,13.73,13.73,10.30,11.65,10.30,10.30,10.30,13.73,13.73,13.73,13.73,13.73,13.73,13.73,13.73,11.65,10.30,8.69,8.69,10.30,10.30,8.69,10.30,13.73,11.65,10.30,10.30,11.65
34.1,16.54,16.54,16.54,16.54,16.54,16.54,16.54,12.41,16.54,10.47,12.41,12.41,16.54,16.54,16.54,12.41,14.04,12.41,12.41,12.41,16.54,16.54,16.54,16.54,16.54,16.54,16.54,16.54,14.04,12.41,10.47,10.47,12.41,12.41,10.47,12.41,16.54,14.04,12.41,12.41,14.04
34.2,16.54,16.54,16.54,16.54,16.54,16.54,16.54,12.41,16.54,10.47,12.41,12.41,16.54,16.54,16.54,12.41,14.04,12.41,12.41,12.41,16.54,16.54,16.54,16.54,16.54,16.54,16.54,16.54,14.04,12.41,10.47,10.47,12.41,12.41,10.47,12.41,16.54,14.04,12.41,12.41,14.04
35.1,76.03,76.03,76.03,76.03,76.03,76.03,76.03,57.03,76.03,48.12,57.03,57.03,76.03,76.03,76.03,57.03,64.51,57.03,57.03,57.03,76.03,76.03,76.03,76.03,76.03,76.03,76.03,76.03,64.51,57.03,48.12,48.12,57.03,57.03,48.12,57.03,76.03,64.51,57.03,57.03,64.51
35.2,76.03,76.03,76.03,76.03,76.03,76.03,76.03,57.03,76.03,48.12,57.03,57.03,76.03,76.03,76.03,57.03,64.51,57.03,57.03,57.03,76.03,76.03,76.03,76.03,76.03,76.03,76.03,76.03,64.51,57.03,48.12,48.12,57.03,57.03,48.12,57.03,76.03,64.51,57.03,57.03,64.51
36.1,18.37,16.24,18.37,18.37,18.37,16.24,18.37,18.37,16.24,21.65,16.24,16.24,16.24,16.24,13.70,16.24,13.70,13.70,16.24,16.24,18.37,16.24,18.37,18.37,18.37,16.24,18.37,16.24,18.37,18.37,21.65,18.37,18.37,18.37,18.37,16.24,13.70,13.70,13.70,16.24,16.24
36.2,18.37,16.24,18.37,18.37,18.37,16.24,18.37,18.37,16.24,21.65,16.24,16.24,16.24,16.24,13.70,16.24,13.70,13.70,16.24,16.24,18.37,16.24,18.37,18.37,18.37,16.24,18.37,16.24,18.37,18.37,21.65,18.37,18.37,18.37,18.37,16.24,13.70,13.70,13.70,16.24,16.24
37.1,14.34,12.67,14.34,14.34,14.34,12.67,14.34,14.34,12.67,16.90,12.67,12.67,12.67,12.67,10.69,12.67,10.69,10.69,12.67,12.67,14.34,12.67,14.34,14.34,14.34,12.67,14.34,12.67,14.34,14.34,16.90,14.34,14.34,14.34,14.34,12.67,10.69,10.69,10.69,12.67,12.67
37.2,14.34,12.67,14.34,14.34,14.34,12.67,14.34,14.34,12.67,16.90,12.67,12.67,12.67,12.67,10.69,12.67,10.69,10.69,12.67,12.67,14.34,12.67,14.34,14.34,14.34,12.67,14.34,12.67,14.34,14.34,16.90,14.34,14.34,14.34,14.34,12.67,10.69,10.69,10.69,12.67,12.67
38.1,7.17,6.34,7.17,7.17,7.17,6.34,7.17,7.17,6.34,8.45,6.34,6.34,6.34,6.34,5.35,6.34,5.35,5.35,6.34,6.34,7.17,6.34,7.17,7.17,7.17,6.34,7.17,6.34,7.17,7.17,8.45,7.17,7.17,7.17,7.17,6.34,5.35,5.35,5.35,6.34,6.34
38.2,7.17,6.34,7.17,7.17,7.17,6.34,7.17,7.17,6.34,8.45,6.34,6.34,6.34,6.34,5.35,6.34,5.35,5.35,6.34,6.34,7.17,6.34,7.17,7.17,7.17,6.34,7.17,6.34,7.17,7.17,8.45,7.17,7.17,7.17,7.17,6.34,5.35,5.35,5.35,6.34,6.34
39.1,27.78,24.55,27.78,27.78,27.78,24.55,27.78,27.78,24.55,32.73,24.55,24.55,24.55,24.55,20.72,24.55,20.72,20.72,24.55,24.55,27.78,24.55,27.78,27.78,27.78,24.55,27.78,24.55,27.78,27.78,32.73,27.78,27.78,27.78,27.78,24.55,20.72,20.72,20.72,24.55,24.55
39.2,27.78,24.55,27.78,27.78,27.78,24.55,27.78,27.78,24.55,32.73,24.55,24.55,24.55,24.55,20.72,24.55,20.72,20.72,24.55,24.55,27.78,24.55,27.78,27.78,27.78,24.55,27.78,24.55,27.78,27.78,32.73,27.78,27.78,27.78,27.78,24.55,20.72,20.72,20.72,24.55,24.55
40.1,12.36,12.36,14.65,12.36,12.36,12.36,12.36,14.65,14.65,16.58,14.65,14.65,14.65,14.65,14.65,12.36,12.36,12.36,12.36,12.36,12.36,12.36,14.65,12.36,12.36,12.36,12.36,14.65,14.65,14.65,16.58,14.65,14.65,16.58,14.65,12.36,14.65,12.36,12.36,14.65,12.36
40.2,12.36,12.36,14.65,12.36,12.36,12.36,12.36,14.65,14.65,16.58,14.65,14.65,14.65,14.65,14.65,12.36,12.36,12.36,12.36,12.36,12.36,12.36,14.65,12.36,12.36,12.36,12.36,14.65,14.65,14.65,16.58,14.65,14.65,16.58,14.65,12.36,14.65,12.36,12.36,14.65,12.36
41.1,34.70,34.70,41.12,34.70,34.70,34.70,34.70,41.12,41.12,46.52,41.12,41.12,41.12,41.12,41.12,34.70,34.70,34.70,34.70,34.70,34.70,34.70,41.12,34.70,34.70,34.70,34.70,41.12,41.12,41.12,46.52,41.12,41.12,46.52,41.12,34.70,41.12,34.70,34.70,41.12,34.70
41.2,34.70,34.70,41.12,34.70,34.70,34.70,34.70,41.12,41.12,46.52,41.12,41.12,41.12,41.12,41.12,34.70,34.70,34.70,34.70,34.70,34.70,34.70,41.12,34.70,34.70,34.70,34.70,41.12,41.12,41.12,46.52,41.12,41.12,46.52,41.12,34.70,41.12,34.70,34.70,41.12,34.70
42.1,32.08,32.08,38.02,32.08,32.08,32.08,32.08,38.02,38.02,43.01,38.02,38.02,38.02,38.02,38.02,32.08,32.08,32.08,32.08,32.08,32.08,32.08,38.02,32.08,32.08,32.08,32.08,38.02,38.02,38.02,43.01,38.02,38.02,43.01,38.02,32.08,38.02,32.08,32.08,38.02,32.08
42.2,32.08,32.08,38.02,32.08,32.08,32.08,32.08,38.02,38.02,43.01,38.02,38.02,38.02,38.02,38.02,32.08,32.08,32.08,32.08,32.08,32.08,32.08,38.02,32.08,32.08,32.08,32.08,38.02,38.02,38.02,43.01,38.02,38.02,43.01,38.02,32.08,38.02,32.08,32.08,38.02,32.08
43.1,2.00,2.00,2.38,2.00,2.00,2.00,2.00,2.38,2.38,2.69,2.38,2.38,2.38,2.38,2.38,2.00,2.00,2.00,2.00,2.00,2.00,2.00,2.38,2.00,2.00,2.00,2.00,2.38,2.38,2.38,2.69,2.38,2.38,2.69,2.38,2.00,2.38,2.00,2.00,2.38,2.00
43.2,2.00,2.00,2.38,2.00,2.00,2.00,2.00,2.38,2.38,2.69,2.38,2.38,2.38,2.38,2.38,2.00,2.00,2.00,2.00,2.00,2.00,2.00,2.38,2.00,2.00,2.00,2.00,2.38,2.38,2.38,2.69,2.38,2.38,2.69,2.38,2.00,2.38,2.00,2.00,2.38,2.00
44.1,4.68,4.68,5.54,4.68,4.68,4.68,4.68,5.54,5.54,6.27,5.54,5.54,5.54,5.54,5.54,4.68,4.68,4.68,4.68,4.68,4.68,4.68,5.54,4.68,4.68,4.68,4.68,5.54,5.54,5.54,6.27,5.54,5.54,6.27,5.54,4.68,5.54,4.68,4.68,5.54,4.68
44.2,4.68,4.68,5.54,4.68,4.68,4.68,4.68,5.54,5.54,6.27,5.54,5.54,5.54,5.54,5.54,4.68,4.68,4.68,4.68,4.68,4.68,4.68,5.54,4.68,4.68,4.68,4.68,5.54,5.54,5.54,6.27,5.54,5.54,6.27,5.54,4.68,5.54,4.68,4.68,5.54,4.68
45.1,30.07,30.07,35.64,30.07,30.07,30.07,30.07,35.64,35.64,40.32,35.64,35.64,35.64,35.64,35.64,30.07,30.07,30.07,30.07,30.07,30.07,30.07,35.64,30.07,30.07,30.07,30.07,35.64,35.64,35.64,40.32,35.64,35.64,40.32,35.64,30.07,35.64,30.07,30.07,35.64,30.07
45.2,30.07,30.07,35.64,30.07,30.07,30.07,30.07,35.64,35.64,40.32,35.64,35.64,35.64,35.64,35.64,30.07,30.07,30.07,30.07,30.07,30.07,30.07,35.64,30.07,30.07,30.07,30.07,35.64,35.64,35.64,40.32,35.64,35.64,40.32,35.64,30.07,35.64,30.07,30.07,35.64,30.07
46.1,10.69,10.69,12.67,10.69,10.69,10.69,10.69,12.67,12.67,14.34,12.67,12.67,12.67,12.67,12.67,10.69,10.69,10.69,10.69,10.69,10.69,10.69,12.67,10.69,10.69,10.69,10.69,12.67,12.67,12.67,14.34,12.67,12.67,14.34,12.67,10.69,12.67,10.69,10.69,12.67,10.69
46.2,10.69,10.69,12.67,10.69,10.69,10.69,10.69,12.67,12.67,14.34,12.67,12.67,12.67,12.67,12.67,10.69,10.69,10.69,10.69,10.69,10.69,10.69,12.67,10.69,10.69,10.69,10.69,12.67,12.67,12.67,14.34,12.67,12.67,14.34,12.67,10.69,12.67,10.69,10.69,12.67,10.69
47.1,5.35,5.35,6.34,5.35,5.35,5.35,5.35,6.34,6.34,7.17,6.34,6.34,6.34,6.34,6.34,5.35,5.35,5.35,5.35,5.35,5.35,5.35,6.34,5.35,5.35,5.35,5.35,6.34,6.34,6.34,7.17,6.34,6.34,7.17,6.34,5.35,6.34,5.35,5.35,6.34,5.35
47.2,5.35,5.35,6.34,5.35,5.35,5.35,5.35,6.34,6.34,7.17,6.34,6.34,6.34,6.34,6.34,5.35,5.35,5.35,5.35,5.35,5.35,5.35,6.34,5.35,5.35,5.35,5.35,6.34,6.34,6.34,7.17,6.34,6.34,7.17,6.34,5.35,6.34,5.35,5.35,6.34,5.35
48.1,30.46,26.93,30.46,30.46,30.46,26.93,30.46,30.46,26.93,35.90,26.93,26.93,26.93,26.93,22.72,26.93,22.72,22.72,26.93,26.93,30.46,26.93,30.46,30.46,30.46,26.93,30.46,26.93,30.46,30.46,35.90,30.46,30.46,30.46,30.46,26.93,22.72,22.72,22.72,26.93,26.93
48.2,30.46,26.93,30.46,30.46,30.46,26.93,30.46,30.46,26.93,35.90,26.93,26.93,26.93,26.93,22.72,26.93,22.72,22.72,26.93,26.93,30.46,26.93,30.46,30.46,30.46,26.93,30.46,26.93,30.46,30.46,35.90,30.46,30.46,30.46,30.46,26.93,22.72,22.72,22.72,26.93,26.93
49.1,39.42,34.85,39.42,39.42,39.42,34.85,39.42,39.42,34.85,46.46,34.85,34.85,34.85,34.85,29.41,34.85,29.41,29.41,34.85,34.85,39.42,34.85,39.42,39.42,39.42,34.85,39.42,34.85,39.42,39.42,46.46,39.42,39.42,39.42,39.42,34.85,29.41,29.41,29.41,34.85,34.85
49.2,39.42,34.85,39.42,39.42,39.42,34.85,39.42,39.42,34.85,46.46,34.85,34.85,34.85,34.85,29.41,34.85,29.41,29.41,34.85,34.85,39.42,34.85,39.42,39.42,39.42,34.85,39.42,34.85,39.42,39.42,46.46,39.42,39.42,39.42,39.42,34.85,29.41,29.41,29.41,34.85,34.85
50.1,34.49,34.49,34.49,34.49,34.49,34.49,34.49,25.87,34.49,21.83,25.87,25.87,34.49,34.49,34.49,25.87,29.27,25.87,25.87,25.87,34.49,34.49,34.49,34.49,34.49,34.49,34.49,34.49,29.27,25.87,21.83,21.83,25.87,25.87,21.83,25.87,34.49,29.27,25.87,25.87,29.27
50.2,34.49,34.49,34.49,34.49,34.49,34.49,34.49,25.87,34.49,21.83,25.87,25.87,34.49,34.49,34.49,25.87,29.27,25.87,25.87,25.87,34.49,34.49,34.49,34.49,34.49,34.49,34.49,34.49,29.27,25.87,21.83,21.83,25.87,25.87,21.83,25.87,34.49,29.27,25.87,25.87,29.27
51.1,33.57,33.57,39.79,33.57,33.57,33.57,33.57,39.79,39.79,45.01,39.79,39.79,39.79,39.79,39.79,33.57,33.57,33.57,33.57,33.57,33.57,33.57,39.79,33.57,33.57,33.57,33.57,39.79,39.79,39.79,45.01,39.79,39.79,45.01,39.79,33.57,39.79,33.57,33.57,39.79,33.57
51.2,33.57,33.57,39.79,33.57,33.57,33.57,33.57,39.79,39.79,45.01,39.79,39.79,39.79,39.79,39.79,33.57,33.57,33.57,33.57,33.57,33.57,33.57,39.79,33.57,33.57,33.57,33.57,39.79,39.79,39.79,45.01,39.79,39.79,45.01,39.79,33.57,39.79,33.57,33.57,39.79,33.57
52.1,50.29,50.29,59.60,50.29,50.29,50.29,50.29,59.60,59.60,67.43,59.60,59.60,59.60,59.60,59.60,50.29,50.29,50.29,50.29,50.29,50.29,50.29,59.60,50.29,50.29,50.29,50.29,59.60,59.60,59.60,67.43,59.60,59.60,67.43,59.60,50.29,59.60,50.29,50.29,59.60,50.29
52.2,50.29,50.29,59.60,50.29,50.29,50.29,50.29,59.60,59.60,67.43,59.60,59.60,59.60,59.60,59.60,50.29,50.29,50.29,50.29,50.29,50.29,50.29,59.60,50.29,50.29,50.29,50.29,59.60,59.60,59.60,67.43,59.60,59.60,67.43,59.60,50.29,59.60,50.29,50.29,59.60,50.29
53.1,7.07,7.07,8.38,7.07,7.07,7.07,7.07,8.38,8.38,9.48,8.38,8.38,8.38,8.38,8.38,7.07,7.07,7.07,7.07,7.07,7.07,7.07,8.38,7.07,7.07,7.07,7.07,8.38,8.38,8.38,9.48,8.38,8.38,9.48,8.38,7.07,8.38,7.07,7.07,8.38,7.07
53.2,7.07,7.07,8.38,7.07,7.07,7.07,7.07,8.38,8.38,9.48,8.38,8.38,8.38,8.38,8.38,7.07,7.07,7.07,7.07,7.07,7.07,7.07,8.38,7.07,7.07,7.07,7.07,8.38,8.38,8.38,9.48,8.38,8.38,9.48,8.38,7.07,8.38,7.07,7.07,8.38,7.07
54.1,16.82,16.82,19.93,16.82,16.82,16.82,16.82,19.93,19.93,22.55,19.93,19.93,19.93,19.93,19.93,16.82,16.82,16.82,16.82,16.82,16.82,16.82,19.93,16.82,16.82,16.82,16.82,19.93,19.93,19.93,22.55,19.93,19.93,22.55,19.93,16.82,19.93,16.82,16.82,19.93,16.82
54.2,16.82,16.82,19.93,16.82,16.82,16.82,16.82,19.93,19.93,22.55,19.93,19.93,19.93,19.93,19.93,16.82,16.82,16.82,16.82,16.82,16.82,16.82,19.93,16.82,16.82,16.82,16.82,19.93,19.93,19.93,22.55,19.93,19.93,22.55,19.93,16.82,19.93,16.82,16.82,19.93,16.82
55.1,14.34,14.34,14.34,14.34,14.34,14.34,14.34,10.76,14.34,9.08,10.76,10.76,14.34,14.34,14.34,10.76,12.17,10.76,10.76,10.76,14.34,14.34,14.34,14.34,14.34,14.34,14.34,14.34,12.17,10.76,9.08,9.08,10.76,10.76,9.08,10.76,14.34,12.17,10.76,10.76,12.17
55.2,14.34,14.34,14.34,14.34,14.34,14.34,14.34,10.76,14.34,9.08,10.76,10.76,14.34,14.34,14.34,10.76,12.17,10.76,10.76,10.76,14.34,14.34,14.34,14.34,14.34,14.34,14.34,14.34,12.17,10.76,9.08,9.08,10.76,10.76,9.08,10.76,14.34,12.17,10.76,10.76,12.17
56.1,8.45,8.45,8.45,8.45,8.45,8.45,8.45,6.34,8.45,5.35,6.34,6.34,8.45,8.45,8.45,6.34,7.17,6.34,6.34,6.34,8.45,8.45,8.45,8.45,8.45,8.45,8.45,8.45,7.17,6.34,5.35,5.35,6.34,6.34,5.35,6.34,8.45,7.17,6.34,6.34,7.17
56.2,8.45,8.45,8.45,8.45,8.45,8.45,8.45,6.34,8.45,5.35,6.34,6.34,8.45,8.45,8.45,6.34,7.17,6.34,6.34,6.34,8.45,8.45,8.45,8.45,8.45,8.45,8.45,8.45,7.17,6.34,5.35,5.35,6.34,6.34,5.35,6.34,8.45,7.17,6.34,6.34,7.17
57.1,5.35,5.35,6.34,5.35,5.35,5.35,5.35,6.34,6.34,7.17,6.34,6.34,6.34,6.34,6.34,5.35,5.35,5.35,5.35,5.35,5.35,5.35,6.34,5.35,5.35,5.35,5.35,6.34,6.34,6.34,7.17,6.34,6.34,7.17,6.34,5.35,6.34,5.35,5.35,6.34,5.35
57.2,5.35,5.35,6.34,5.35,5.35,5.35,5.35,6.34,6.34,7.17,6.34,6.34,6.34,6.34,6.34,5.35,5.35,5.35,5.35,5.35,5.35,5.35,6.34,5.35,5.35,5.35,5.35,6.34,6.34,6.34,7.17,6.34,6.34,7.17,6.34,5.35,6.34,5.35,5.35,6.34,5.35
58.1,35.84,31.68,35.84,35.84,35.84,31.68,35.84,35.84,31.68,42.24,31.68,31.68,31.68,31.68,26.73,31.68,26.73,26.73,31.68,31.68,35.84,31.68,35.84,35.84,35.84,31.68,35.84,31.68,35.84,35.84,42.24,35.84,35.84,35.84,35.84,31.68,26.73,26.73,26.73,31.68,31.68
58.2,35.84,31.68,35.84,35.84,35.84,31.68,35.84,35.84,31.68,42.24,31.68,31.68,31.68,31.68,26.73,31.68,26.73,26.73,31.68,31.68,35.84,31.68,35.84,35.84,35.84,31.68,35.84,31.68,35.84,35.84,42.24,35.84,35.84,35.84,35.84,31.68,26.73,26.73,26.73,31.68,31.68
59.1,2.00,2.00,2.38,2.00,2.00,2.00,2.00,2.38,2.38,2.69,2.38,2.38,2.38,2.38,2.38,2.00,2.00,2.00,2.00,2.00,2.00,2.00,2.38,2.00,2.00,2.00,2.00,2.38,2.38,2.38,2.69,2.38,2.38,2.69,2.38,2.00,2.38,2.00,2.00,2.38,2.00
59.2,2.00,2.00,2.38,2.00,2.00,2.00,2.00,2.38,2.38,2.69,2.38,2.38,2.38,2.38,2.38,2.00,2.00,2.00,2.00,2.00,2.00,2.00,2.38,2.00,2.00,2.00,2.00,2.38,2.38,2.38,2.69,2.38,2.38,2.69,2.38,2.00,2.38,2.00,2.00,2.38,2.00
60.1,8.02,8.02,9.50,8.02,8.02,8.02,8.02,9.50,9.50,10.75,9.50,9.50,9.50,9.50,9.50,8.02,8.02,8.02,8.02,8.02,8.02,8.02,9.50,8.02,8.02,8.02,8.02,9.50,9.50,9.50,10.75,9.50,9.50,10.75,9.50,8.02,9.50,8.02,8.02,9.50,8.02
60.2,8.02,8.02,9.50,8.02,8.02,8.02,8.02,9.50,9.50,10.75,9.50,9.50,9.50,9.50,9.50,8.02,8.02,8.02,8.02,8.02,8.02,8.02,9.50,8.02,8.02,8.02,8.02,9.50,9.50,9.50,10.75,9.50,9.50,10.75,9.50,8.02,9.50,8.02,8.02,9.50,8.02
61.1,76.86,76.86,91.09,76.86,76.86,76.86,76.86,91.09,91.09,103.04,91.09,91.09,91.09,91.09,91.09,76.86,76.86,76.86,76.86,76.86,76.86,76.86,91.09,76.86,76.86,76.86,76.86,91.09,91.09,91.09,103.04,91.09,91.09,103.04,91.09,76.86,91.09,76.86,76.86,91.09,76.86
61.2,76.86,76.86,91.09,76.86,76.86,76.86,76.86,91.09,91.09,103.04,91.09,91.09,91.09,91.09,91.09,76.86,76.86,76.86,76.86,76.86,76.86,76.86,91.09,76.86,76.86,76.86,76.86,91.09,91.09,91.09,103.04,91.09,91.09,103.04,91.09,76.86,91.09,76.86,76.86,91.09,76.86
62.1,61.25,61.25,61.25,61.25,61.25,61.25,61.25,45.94,61.25,38.76,45.94,45.94,61.25,61.25,61.25,45.94,51.97,45.94,45.94,45.94,61.25,61.25,61.25,61.25,61.25,61.25,61.25,61.25,51.97,45.94,38.76,38.76,45.94,45.94,38.76,45.94,61.25,51.97,45.94,45.94,51.97
62.2,61.25,61.25,61.25,61.25,61.25,61.25,61.25,45.94,61.25,38.76,45.94,45.94,61.25,61.25,61.25,45.94,51.97,45.94,45.94,45.94,61.25,61.25,61.25,61.25,61.25,61.25,61.25,61.25,51.97,45.94,38.76,38.76,45.94,45.94,38.76,45.94,61.25,51.97,45.94,45.94,51.97
63.1,40.10,40.10,47.52,40.10,40.10,40.10,40.10,47.52,47.52,53.76,47.52,47.52,47.52,47.52,47.52,40.10,40.10,40.10,40.10,40.10,40.10,40.10,47.52,40.10,40.10,40.10,40.10,47.52,47.52,47.52,53.76,47.52,47.52,53.76,47.52,40.10,47.52,40.10,40.10,47.52,40.10
63.2,13.44,11.88,13.44,13.44,13.44,11.88,13.44,13.44,11.88,15.84,11.88,11.88,11.88,11.88,10.02,11.88,10.02,10.02,11.88,11.88,13.44,11.88,13.44,13.44,13.44,11.88,13.44,11.88,13.44,13.44,15.84,13.44,13.44,13.44,13.44,11.88,10.02,10.02,10.02,11.88,11.88
64.1,20.05,20.05,23.76,20.05,20.05,20.05,20.05,23.76,23.76,26.88,23.76,23.76,23.76,23.76,23.76,20.05,20.05,20.05,20.05,20.05,20.05,20.05,23.76,20.05,20.05,20.05,20.05,23.76,23.76,23.76,26.88,23.76,23.76,26.88,23.76,20.05,23.76,20.05,20.05,23.76,20.05
64.2,122.81,122.81,145.54,122.81,122.81,122.81,122.81,145.54,145.54,164.64,145.54,145.54,145.54,145.54,145.54,122.81,122.81,122.81,122.81,122.81,122.81,122.81,145.54,122.81,122.81,122.81,122.81,145.54,145.54,145.54,164.64,145.54,145.54,164.64,145.54,122.81,145.54,122.81,122.81,145.54,122.81
65.1,13.37,13.37,15.84,13.37,13.37,13.37,13.37,15.84,15.84,17.92,15.84,15.84,15.84,15.84,15.84,13.37,13.37,13.37,13.37,13.37,13.37,13.37,15.84,13.37,13.37,13.37,13.37,15.84,15.84,15.84,17.92,15.84,15.84,17.92,15.84,13.37,15.84,13.37,13.37,15.84,13.37
65.2,25.06,25.06,29.70,25.06,25.06,25.06,25.06,29.70,29.70,33.60,29.70,29.70,29.70,29.70,29.70,25.06,25.06,25.06,25.06,25.06,25.06,25.06,29.70,25.06,25.06,25.06,25.06,29.70,29.70,29.70,33.60,29.70,29.70,33.60,29.70,25.06,29.70,25.06,25.06,29.70,25.06
66.1,20.05,20.05,23.76,20.05,20.05,20.05,20.05,23.76,23.76,26.88,23.76,23.76,23.76,23.76,23.76,20.05,20.05,20.05,20.05,20.05,20.05,20.05,23.76,20.05,20.05,20.05,20.05,23.76,23.76,23.76,26.88,23.76,23.76,26.88,23.76,20.05,23.76,20.05,20.05,23.76,20.05
66.2,30.07,30.07,35.64,30.07,30.07,30.07,30.07,35.64,35.64,40.32,35.64,35.64,35.64,35.64,35.64,30.07,30.07,30.07,30.07,30.07,30.07,30.07,35.64,30.07,30.07,30.07,30.07,35.64,35.64,35.64,40.32,35.64,35.64,40.32,35.64,30.07,35.64,30.07,30.07,35.64,30.07
67.1,20.05,20.05,23.76,20.05,20.05,20.05,20.05,23.76,23.76,26.88,23.76,23.76,23.76,23.76,23.76,20.05,20.05,20.05,20.05,20.05,20.05,20.05,23.76,20.05,20.05,20.05,20.05,23.76,23.76,23.76,26.88,23.76,23.76,26.88,23.76,20.05,23.76,20.05,20.05,23.76,20.05
67.2,20.05,20.05,23.76,20.05,20.05,20.05,20.05,23.76,23.76,26.88,23.76,23.76,23.76,23.76,23.76,20.05,20.05,20.05,20.05,20.05,20.05,20.05,23.76,20.05,20.05,20.05,20.05,23.76,23.76,23.76,26.88,23.76,23.76,26.88,23.76,20.05,23.76,20.05,20.05,23.76,20.05
68.1,13.37,13.37,15.84,13.37,13.37,13.37,13.37,15.84,15.84,17.92,15.84,15.84,15.84,15.84,15.84,13.37,13.37,13.37,13.37,13.37,13.37,13.37,15.84,13.37,13.37,13.37,13.37,15.84,15.84,15.84,17.92,15.84,15.84,17.92,15.84,13.37,15.84,13.37,13.37,15.84,13.37
68.2,16.04,16.04,19.01,16.04,16.04,16.04,16.04,19.01,19.01,21.50,19.01,19.01,19.01,19.01,19.01,16.04,16.04,16.04,16.04,16.04,16.04,16.04,19.01,16.04,16.04,16.04,16.04,19.01,19.01,19.01,21.50,19.01,19.01,21.50,19.01,16.04,19.01,16.04,16.04,19.01,16.04
69.1,13.44,11.88,13.44,13.44,13.44,11.88,13.44,13.44,11.88,15.84,11.88,11.88,11.88,11.88,10.02,11.88,10.02,10.02,11.88,11.88,13.44,11.88,13.44,13.44,13.44,11.88,13.44,11.88,13.44,13.44,15.84,13.44,13.44,13.44,13.44,11.88,10.02,10.02,10.02,11.88,11.88
69.2,13.44,11.88,13.44,13.44,13.44,11.88,13.44,13.44,11.88,15.84,11.88,11.88,11.88,11.88,10.02,11.88,10.02,10.02,11.88,11.88,13.44,11.88,13.44,13.44,13.44,11.88,13.44,11.88,13.44,13.44,15.84,13.44,13.44,13.44,13.44,11.88,10.02,10.02,10.02,11.88,11.88
70.1,20.05,20.05,23.76,20.05,20.05,20.05,20.05,23.76,23.76,26.88,23.76,23.76,23.76,23.76,23.76,20.05,20.05,20.05,20.05,20.05,20.05,20.05,23.76,20.05,20.05,20.05,20.05,23.76,23.76,23.76,26.88,23.76,23.76,26.88,23.76,20.05,23.76,20.05,20.05,23.76,20.05
70.2,20.05,20.05,23.76,20.05,20.05,20.05,20.05,23.76,23.76,26.88,23.76,23.76,23.76,23.76,23.76,20.05,20.05,20.05,20.05,20.05,20.05,20.05,23.76,20.05,20.05,20.05,20.05,23.76,23.76,23.76,26.88,23.76,23.76,26.88,23.76,20.05,23.76,20.05,20.05,23.76,20.05
71.1,52.13,52.13,61.78,52.13,52.13,52.13,52.13,61.78,61.78,69.89,61.78,61.78,61.78,61.78,61.78,52.13,52.13,52.13,52.13,52.13,52.13,52.13,61.78,52.13,52.13,52.13,52.13,61.78,61.78,61.78,69.89,61.78,61.78,69.89,61.78,52.13,61.78,52.13,52.13,61.78,52.13
71.2,52.13,52.13,61.78,52.13,52.13,52.13,52.13,61.78,61.78,69.89,61.78,61.78,61.78,61.78,61.78,52.13,52.13,52.13,52.13,52.13,52.13,52.13,61.78,52.13,52.13,52.13,52.13,61.78,61.78,61.78,69.89,61.78,61.78,69.89,61.78,52.13,61.78,52.13,52.13,61.78,52.13
72.1,15.84,15.84,15.84,15.84,15.84,15.84,15.84,11.88,15.84,10.02,11.88,11.88,15.84,15.84,15.84,11.88,13.44,11.88,11.88,11.88,15.84,15.84,15.84,15.84,15.84,15.84,15.84,15.84,13.44,11.88,10.02,10.02,11.88,11.88,10.02,11.88,15.84,13.44,11.88,11.88,13.44
72.2,15.84,15.84,15.84,15.84,15.84,15.84,15.84,11.88,15.84,10.02,11.88,11.88,15.84,15.84,15.84,11.88,13.44,11.88,11.88,11.88,15.84,15.84,15.84,15.84,15.84,15.84,15.84,15.84,13.44,11.88,10.02,10.02,11.88,11.88,10.02,11.88,15.84,13.44,11.88,11.88,13.44
73.1,6.68,6.68,7.92,6.68,6.68,6.68,6.68,7.92,7.92,8.96,7.92,7.92,7.92,7.92,7.92,6.68,6.68,6.68,6.68,6.68,6.68,6.68,7.92,6.68,6.68,6.68,6.68,7.92,7.92,7.92,8.96,7.92,7.92,8.96,7.92,6.68,7.92,6.68,6.68,7.92,6.68
73.2,6.68,6.68,7.92,6.68,6.68,6.68,6.68,7.92,7.92,8.96,7.92,7.92,7.92,7.92,7.92,6.68,6.68,6.68,6.68,6.68,6.68,6.68,7.92,6.68,6.68,6.68,6.68,7.92,7.92,7.92,8.96,7.92,7.92,8.96,7.92,6.68,7.92,6.68,6.68,7.92,6.68
74.1,10.02,10.02,11.88,10.02,10.02,10.02,10.02,11.88,11.88,13.44,11.88,11.88,11.88,11.88,11.88,10.02,10.02,10.02,10.02,10.02,10.02,10.02,11.88,10.02,10.02,10.02,10.02,11.88,11.88,11.88,13.44,11.88,11.88,13.44,11.88,10.02,11.88,10.02,10.02,11.88,10.02
74.2,10.02,10.02,11.88,10.02,10.02,10.02,10.02,11.88,11.88,13.44,11.88,11.88,11.88,11.88,11.88,10.02,10.02,10.02,10.02,10.02,10.02,10.02,11.88,10.02,10.02,10.02,10.02,11.88,11.88,11.88,13.44,11.88,11.88,13.44,11.88,10.02,11.88,10.02,10.02,11.88,10.02
75.1,6.68,6.68,7.92,6.68,6.68,6.68,6.68,7.92,7.92,8.96,7.92,7.92,7.92,7.92,7.92,6.68,6.68,6.68,6.68,6.68,6.68,6.68,7.92,6.68,6.68,6.68,6.68,7.92,7.92,7.92,8.96,7.92,7.92,8.96,7.92,6.68,7.92,6.68,6.68,7.92,6.68
75.2,6.68,6.68,7.92,6.68,6.68,6.68,6.68,7.92,7.92,8.96,7.92,7.92,7.92,7.92,7.92,6.68,6.68,6.68,6.68,6.68,6.68,6.68,7.92,6.68,6.68,6.68,6.68,7.92,7.92,7.92,8.96,7.92,7.92,8.96,7.92,6.68,7.92,6.68,6.68,7.92,6.68
76.1,4.01,4.01,4.75,4.01,4.01,4.01,4.01,4.75,4.75,5.38,4.75,4.75,4.75,4.75,4.75,4.01,4.01,4.01,4.01,4.01,4.01,4.01,4.75,4.01,4.01,4.01,4.01,4.75,4.75,4.75,5.38,4.75,4.75,5.38,4.75,4.01,4.75,4.01,4.01,4.75,4.01
76.2,4.01,4.01,4.75,4.01,4.01,4.01,4.01,4.75,4.75,5.38,4.75,4.75,4.75,4.75,4.75,4.01,4.01,4.01,4.01,4.01,4.01,4.01,4.75,4.01,4.01,4.01,4.01,4.75,4.75,4.75,5.38,4.75,4.75,5.38,4.75,4.01,4.75,4.01,4.01,4.75,4.01
77.1,20.05,20.05,23.76,20.05,20.05,20.05,20.05,23.76,23.76,26.88,23.76,23.76,23.76,23.76,23.76,20.05,20.05,20.05,20.05,20.05,20.05,20.05,23.76,20.05,20.05,20.05,20.05,23.76,23.76,23.76,26.88,23.76,23.76,26.88,23.76,20.05,23.76,20.05,20.05,23.76,20.05
77.2,20.05,20.05,23.76,20.05,20.05,20.05,20.05,23.76,23.76,26.88,23.76,23.76,23.76,23.76,23.76,20.05,20.05,20.05,20.05,20.05,20.05,20.05,23.76,20.05,20.05,20.05,20.05,23.76,23.76,23.76,26.88,23.76,23.76,26.88,23.76,20.05,23.76,20.05,20.05,23.76,20.05
78.1,6.68,6.68,7.92,6.68,6.68,6.68,6.68,7.92,7.92,8.96,7.92,7.92,7.92,7.92,7.92,6.68,6.68,6.68,6.68,6.68,6.68,6.68,7.92,6.68,6.68,6.68,6.68,7.92,7.92,7.92,8.96,7.92,7.92,8.96,7.92,6.68,7.92,6.68,6.68,7.92,6.68
78.2,6.68,6.68,7.92,6.68,6.68,6.68,6.68,7.92,7.92,8.96,7.92,7.92,7.92,7.92,7.92,6.68,6.68,6.68,6.68,6.68,6.68,6.68,7.92,6.68,6.68,6.68,6.68,7.92,7.92,7.92,8.96,7.92,7.92,8.96,7.92,6.68,7.92,6.68,6.68,7.92,6.68
